<?xml version="1.0" encoding="UTF-8"?>
<cockatrice_carddatabase version="4">
  <sets>
    <set>
      <name>OVX</name>
      <longname></longname>
      <settype>OVX</settype>
    </set>
  </sets>
  <cards>

    <card>
      <name>Refuel</name>
      <set rarity="rare">OVX</set>
      <prop>
        <colors>UR</colors>
        <manacost>1UR</manacost>
        <cmc>3</cmc>
        <type>Enchantment</type>
        <maintype>Enchantment</maintype>
      </prop>
      <tablerow>1</tablerow>
      <text>At the beginning of your upkeep, target instant or sorcery card in your graveyard gains flashback until end of turn. The flashback cost is equal to its mana cost.</text>
    </card>
    <card>
      <name>XVX Rano C4</name>
      <set rarity="mythic">OVX</set>
      <prop>
        <colors>R</colors>
        <manacost>2RR</manacost>
        <cmc>4</cmc>
        <type>Artifact - Vehicle </type>
        <maintype>Artifact</maintype>
      </prop>
      <tablerow>1</tablerow>
      <text>Haste
Whenever XVX Rano C4 attacks, you may discard two cards and draw two cards.
Engineer 4 (At the beginning of each combat, if you’ve spent at least four mana this turn, you may have this become an artifact creature until end of turn.)</text>
    </card>
    <card>
      <name>Graveyard Crusher</name>
      <set rarity="rare">OVX</set>
      <prop>
        <colors>G</colors>
        <manacost>G</manacost>
        <cmc>1</cmc>
        <type>Artifact - Vehicle </type>
        <maintype>Artifact</maintype>
      </prop>
      <tablerow>1</tablerow>
      <text>{G}: Exile target card from a graveyard. If you own it, put a +1/+1 counter on this Vehicle.
Engineer 2 (At the beginning of each combat, if you’ve spent at least two mana this turn, you may have this become an artifact creature until end of turn.)</text>
    </card>
    <card>
      <name>Barren Highway</name>
      <set rarity="uncommon">OVX</set>
      <prop>
        <colors></colors>
        <manacost></manacost>
        <cmc>0</cmc>
        <type>Land - Circuit </type>
        <maintype>Land</maintype>
      </prop>
      <tablerow>0</tablerow>
      <text>{T}: Add {C}.
{2}, {T}: Destroy target land. Each player may search their library for 
a basic land card, put it onto the battlefield tapped, then shuffle.</text>
    </card>
    <card>
      <name>Touring Track</name>
      <set rarity="rare">OVX</set>
      <prop>
        <colors></colors>
        <manacost></manacost>
        <cmc>0</cmc>
        <type>Land - Circuit </type>
        <maintype>Land</maintype>
      </prop>
      <tablerow>0</tablerow>
      <text>{T}: Search your library for a basic land card, put it onto the battlefield tapped, then shuffle. Then if you control two or more basic lands, untap that land.</text>
    </card>
    <card>
      <name>Xerx, the Inventive</name>
      <set rarity="mythic">OVX</set>
      <prop>
        <colors>BRG</colors>
        <manacost>BRG</manacost>
        <cmc>3</cmc>
        <type>Legendary Planeswalker - Xerx </type>
        <maintype>Planeswalker</maintype>
      <loyalty>3</loyalty>
      </prop>
      <tablerow>1</tablerow>
      <text>Driver—Each card in your starting deck is a permanent card. (If this card outside the game is your chosen driver, you may swap it with a card in your opening hand.)
[+1]: Return up to one target permanent card from your graveyard to your hand.
[-2]: Destroy target artifact or enchantment. If you controlled it, draw two cards, then discard a card. 
[-X]: Xerx deals X damage to any target. You gain X life.</text>
    </card>
    <card>
      <name>Orissa, the Prodigy</name>
      <set rarity="mythic">OVX</set>
      <prop>
        <colors>WUR</colors>
        <manacost>1URW</manacost>
        <cmc>4</cmc>
        <type>Legendary Planeswalker - Orissa </type>
        <maintype>Planeswalker</maintype>
      <loyalty>4</loyalty>
      </prop>
      <tablerow>1</tablerow>
      <text>Driver—Each creature in your starting deck is a Pilot and it contains ten or more Vehicles. (If this card outside the game is your chosen driver, you may swap it with a card in your opening hand.)
[+1]: Create a 2/2 colorless Vehicle artifact token named Osiris MV with flying and engineer 2. 
[0]: Untap up to one target artifact and up to one target land. Create a Charge token. 
[-6]: Search your library for up to three Vehicle cards and put them onto the battlefield, then shuffle. You get an emblem with “Vehicles you control have engineer 0.”</text>
    </card>
    <card>
      <name>Unfortunate Accident</name>
      <set rarity="uncommon" splitterPath="/Unfortunate Accident.png" >OVX</set>
      <prop>
        <colors>B</colors>
        <manacost>B</manacost>
        <cmc>1</cmc>
        <type>Enchantment</type>
        <maintype>Enchantment</maintype>
      </prop>
      <tablerow>1</tablerow>
      <text>When the enchantment enters, each opponent discards a card and you mill two cards.
2B: Transform this enchantment.
---
(Back): Crash Survivor</text>
      <related attach="transform">Crash Survivor</related>
    </card>
    <card>
      <name>Crash Survivor</name>
      <set rarity="uncommon" splitterPath="/Crash Survivor.png" >OVX</set>
      <prop>
        <colors>B</colors>
        <manacost></manacost>
        <cmc>1</cmc>
        <type>Artifact Creature - Cyborg Survivor  </type>
        <pt>2/2</pt>
      </prop>
      <tablerow>2</tablerow>
      <text>Slipstream (This creature can’t be blocked as long as only creatures with slipstream are attacking.)
Whenever this creature deals combat damage to an opponent, exile up to one target card from a graveyard. If you own it, each opponent loses 1 life and you gain 1 life.
---
(Front): Unfortunate Accident</text>
      <related attach="transform">Unfortunate Accident</related>
    </card>
    <card>
      <name>Over-Rev</name>
      <set rarity="common">OVX</set>
      <prop>
        <colors>R</colors>
        <manacost>R</manacost>
        <cmc>1</cmc>
        <type>Instant</type>
        <maintype>Instant</maintype>
      </prop>
      <tablerow>3</tablerow>
      <text>Kicker—Sacrfice an artifact. (You may sacrfice an artifact in addition to any other costs as you cast this spell.)
Over-Rev deals 2 damage to any target. If this spell was kicked, it deals 4 damage instead.</text>
    </card>
    <card>
      <name>City Circuit</name>
      <set rarity="rare">OVX</set>
      <prop>
        <colors></colors>
        <manacost></manacost>
        <cmc>0</cmc>
        <type>Land - Circuit </type>
        <maintype>Land</maintype>
      </prop>
      <tablerow>0</tablerow>
      <text>This land enters tapped unless you control two or fewer other lands.
{T}: Search your library for a basic land card, put it onto the battlefield, then shuffle.</text>
    </card>
    <card>
      <name>Out from Nowhere</name>
      <set rarity="rare">OVX</set>
      <prop>
        <colors>BR</colors>
        <manacost>BR</manacost>
        <cmc>2</cmc>
        <type>Enchantment</type>
        <maintype>Enchantment</maintype>
      </prop>
      <tablerow>1</tablerow>
      <text>Flash
When this enchantment enters, destroy up to one target artifact or creature.
1BR, Sacrifice this enchantment: Create two Treasure tokens.</text>
    </card>
    <card>
      <name>XVX Headquarters</name>
      <set rarity="rare">OVX</set>
      <prop>
        <colors></colors>
        <manacost></manacost>
        <cmc>0</cmc>
        <type>Artifact Land - Vehicle </type>
        <maintype>Land</maintype>
      </prop>
      <tablerow>0</tablerow>
      <cipt>1</cipt>
      <text>This land enters tapped.
{T}: Add {B}, {R} or {G}.
Flying, ward {2}
Engineer 5 (At the beginning of each combat, if you’ve spent at least five mana this turn, you may have this become an artifact creature until end of turn.)</text>
    </card>
    <card>
      <name>Osiris Headquarters</name>
      <set rarity="rare">OVX</set>
      <prop>
        <colors></colors>
        <manacost></manacost>
        <cmc>0</cmc>
        <type>Artifact Land - Vehicle </type>
        <maintype>Land</maintype>
      </prop>
      <tablerow>0</tablerow>
      <cipt>1</cipt>
      <text>This land enters tapped.
{T}: Add {U}, {R} or {W}.
Flying, ward {2}
Engineer 5 (At the beginning of each combat, if you’ve spent at least five mana this turn, you may have this become an artifact creature until end of turn.)</text>
    </card>
    <card>
      <name>Team Lounge</name>
      <set rarity="uncommon">OVX</set>
      <prop>
        <colors>R</colors>
        <manacost>R</manacost>
        <cmc>1</cmc>
        <type>Artifact</type>
        <maintype>Artifact</maintype>
      </prop>
      <tablerow>1</tablerow>
      <text>Whenever you cast your first noncreature spell each turn, draw a card then discard a card.
{T}: Target Vehicle becomes an artifact creature until end of turn.</text>
    </card>
    <card>
      <name>Grand Finale</name>
      <set rarity="rare">OVX</set>
      <prop>
        <colors>W</colors>
        <manacost>3WW</manacost>
        <cmc>5</cmc>
        <type>Instant</type>
        <maintype>Instant</maintype>
      </prop>
      <tablerow>3</tablerow>
      <text>Destroy all creatures.</text>
    </card>
    <card>
      <name>Osiris Chaser</name>
      <set rarity="rare">OVX</set>
      <prop>
        <colors>U</colors>
        <manacost>U</manacost>
        <cmc>1</cmc>
        <type>Artifact - Vehicle </type>
        <maintype>Artifact</maintype>
      </prop>
      <tablerow>1</tablerow>
      <text>When this Vehicle enters, create a Charge token. (It’s an artifact Charge token with “{2}, {T}, Sacrifice this artifact: Draw a card at the beginning of the next turn’s upkeep.”)
Engineer 2 (At the beginning of each combat, if you’ve spent at least two mana this turn, you may have this become an artifact creature until end of turn.)</text>
    </card>
    <card>
      <name>Test Drive</name>
      <set rarity="rare">OVX</set>
      <prop>
        <colors>WUR</colors>
        <manacost>URW</manacost>
        <cmc>3</cmc>
        <type>Instant</type>
        <maintype>Instant</maintype>
      </prop>
      <tablerow>3</tablerow>
      <text>Exile target nonland permanent that’s an artifact, creature or enchantment. If you own it, return it to the battlefield under your control.</text>
    </card>
    <card>
      <name>Underground</name>
      <set rarity="uncommon">OVX</set>
      <prop>
        <colors></colors>
        <manacost></manacost>
        <cmc>0</cmc>
        <type>Land</type>
        <maintype>Land</maintype>
      </prop>
      <tablerow>0</tablerow>
      <text>When this land enters, exile up to two target cards from graveyards.
{T}: Add {C}.</text>
    </card>
    <card>
      <name>Quantum Prime Circuit</name>
      <set rarity="mythic">OVX</set>
      <prop>
        <colors></colors>
        <manacost></manacost>
        <cmc>0</cmc>
        <type>Legendary Artifact Land - Circuit </type>
        <maintype>Land</maintype>
      </prop>
      <tablerow>0</tablerow>
      <text>Ward {2}
{T}: Add {C}.
{T}, Pay 1 life: Add one mana of any color. Spend this mana only to cast an artifact or Orissa spell.</text>
    </card>
    <card>
      <name>Xerx&apos;s Subterfuge</name>
      <set rarity="common">OVX</set>
      <prop>
        <colors>B</colors>
        <manacost>B</manacost>
        <cmc>1</cmc>
        <type>Enchantment</type>
        <maintype>Enchantment</maintype>
      </prop>
      <tablerow>1</tablerow>
      <text>When this enchantment enters, surveil 1.
1B, Sacrifice this enchantment: Target opponent reveals their hand. You choose a non-Orissa, noncreature, nonland card from it. That player discards that card. Activate only as a sorcery.</text>
    </card>
    <card>
      <name>Mana Harness</name>
      <set rarity="common">OVX</set>
      <prop>
        <colors>U</colors>
        <manacost>1U</manacost>
        <cmc>2</cmc>
        <type>Instant</type>
        <maintype>Instant</maintype>
      </prop>
      <tablerow>3</tablerow>
      <text>Counter target spell unless its controller pays {2}.
Cycling 1U (1U, Discard this card: Draw a card.)</text>
    </card>
    <card>
      <name>Osiris GT M2</name>
      <set rarity="mythic">OVX</set>
      <prop>
        <colors>U</colors>
        <manacost>2UU</manacost>
        <cmc>4</cmc>
        <type>Artifact - Vehicle </type>
        <maintype>Artifact</maintype>
      </prop>
      <tablerow>1</tablerow>
      <text>Flash
Whenever this Vehicle attacks, you may draw two cards. If you do, discard two cards.
Engineer 4 (At the beginning of each combat, if you’ve spent at least four mana this turn, you may have this become an artifact creature until end of turn.)</text>
    </card>
    <card>
      <name>Bifurcated Will</name>
      <set rarity="rare">OVX</set>
      <prop>
        <colors>U</colors>
        <manacost>XU</manacost>
        <cmc>1</cmc>
        <type>Instant</type>
        <maintype>Instant</maintype>
      </prop>
      <tablerow>3</tablerow>
      <text>If five or more mana was spent to cast this spell, it can’t be countered.
Counter target spell unless its controller pays {X}. If {R} was spent to cast this spell, you may instead have Bifurcated Will deal X damage to any target.</text>
    </card>
    <card>
      <name>Check Point</name>
      <set rarity="rare">OVX</set>
      <prop>
        <colors></colors>
        <manacost></manacost>
        <cmc>0</cmc>
        <type>Land - Island Mountain </type>
        <maintype>Land</maintype>
      </prop>
      <tablerow>0</tablerow>
      <text>({T}: Add {U} or {R}.)
You may have this land enter tapped. If you don’t, each opponent may surveil 1.</text>
    </card>
    <card>
      <name>Busy Slums</name>
      <set rarity="rare">OVX</set>
      <prop>
        <colors></colors>
        <manacost></manacost>
        <cmc>0</cmc>
        <type>Land - Mountain Plains </type>
        <maintype>Land</maintype>
      </prop>
      <tablerow>0</tablerow>
      <text>({T}: Add {R} or {W}.)
You may have this land enter tapped. If you don’t, each opponent may surveil 1.</text>
    </card>
    <card>
      <name>Outer Ducts</name>
      <set rarity="rare">OVX</set>
      <prop>
        <colors></colors>
        <manacost></manacost>
        <cmc>0</cmc>
        <type>Land - Plains Island </type>
        <maintype>Land</maintype>
      </prop>
      <tablerow>0</tablerow>
      <text>({T}: Add {W} or {U}.)
You may have this land enter tapped. If you don’t, each opponent may surveil 1.</text>
    </card>
    <card>
      <name>Airy Pillar</name>
      <set rarity="rare">OVX</set>
      <prop>
        <colors></colors>
        <manacost></manacost>
        <cmc>0</cmc>
        <type>Land - Swamp Mountain </type>
        <maintype>Land</maintype>
      </prop>
      <tablerow>0</tablerow>
      <text>({T}: Add {B} or {R}.)
You may have this land enter tapped. If you don’t, each opponent may surveil 1.</text>
    </card>
    <card>
      <name>Tangled Streets</name>
      <set rarity="rare">OVX</set>
      <prop>
        <colors></colors>
        <manacost></manacost>
        <cmc>0</cmc>
        <type>Land - Swamp Forest </type>
        <maintype>Land</maintype>
      </prop>
      <tablerow>0</tablerow>
      <text>({T}: Add {B} or {G}.)
You may have this land enter tapped. If you don’t, each opponent may surveil 1.</text>
    </card>
    <card>
      <name>Rundown Town</name>
      <set rarity="rare">OVX</set>
      <prop>
        <colors></colors>
        <manacost></manacost>
        <cmc>0</cmc>
        <type>Land - Forest Plains </type>
        <maintype>Land</maintype>
      </prop>
      <tablerow>0</tablerow>
      <text>({T}: Add {G} or {W}.)
You may have this land enter tapped. If you don’t, each opponent may surveil 1.</text>
    </card>
    <card>
      <name>Burial Site</name>
      <set rarity="rare">OVX</set>
      <prop>
        <colors></colors>
        <manacost></manacost>
        <cmc>0</cmc>
        <type>Land - Plains Swamp </type>
        <maintype>Land</maintype>
      </prop>
      <tablerow>0</tablerow>
      <text>({T}: Add {W} or {B}.)
You may have this land enter tapped. If you don’t, each opponent may surveil 1.</text>
    </card>
    <card>
      <name>Rural Grid</name>
      <set rarity="rare">OVX</set>
      <prop>
        <colors></colors>
        <manacost></manacost>
        <cmc>0</cmc>
        <type>Land - Mountain Forest </type>
        <maintype>Land</maintype>
      </prop>
      <tablerow>0</tablerow>
      <text>({T}: Add {R} or {G}.)
You may have this land enter tapped. If you don’t, each opponent may surveil 1.</text>
    </card>
    <card>
      <name>Polluted Stream</name>
      <set rarity="rare">OVX</set>
      <prop>
        <colors></colors>
        <manacost></manacost>
        <cmc>0</cmc>
        <type>Land - Island Swamp </type>
        <maintype>Land</maintype>
      </prop>
      <tablerow>0</tablerow>
      <text>({T}: Add {U} or {B}.)
You may have this land enter tapped. If you don’t, each opponent may surveil 1.</text>
    </card>
    <card>
      <name>Natrual Isle</name>
      <set rarity="rare">OVX</set>
      <prop>
        <colors></colors>
        <manacost></manacost>
        <cmc>0</cmc>
        <type>Land - Forest Island </type>
        <maintype>Land</maintype>
      </prop>
      <tablerow>0</tablerow>
      <text>({T}: Add {G} or {U}.)
You may have this land enter tapped. If you don’t, each opponent may surveil 1.</text>
    </card>
    <card>
      <name>XVX Mechanic</name>
      <set rarity="mythic">OVX</set>
      <prop>
        <colors>G</colors>
        <manacost>1G</manacost>
        <cmc>2</cmc>
        <type>Creature - Human Artificer </type>
        <maintype>Creature</maintype>
        <pt>3/2</pt>
      </prop>
      <tablerow>2</tablerow>
      <text>Trample
Whenever this creature deals combat damage to an opponent, return a permanent card from your graveyard to your hand, then sacrifice a permanent.</text>
    </card>
    <card>
      <name>Bifurcated Crash</name>
      <set rarity="uncommon">OVX</set>
      <prop>
        <colors>R</colors>
        <manacost>XR</manacost>
        <cmc>1</cmc>
        <type>Instant</type>
        <maintype>Instant</maintype>
      </prop>
      <tablerow>3</tablerow>
      <text>If five or more mana was spent to cast this spell, it can’t be countered.
Destroy target artifact. If {W} was spent to cast this spell, you may instead destroy target enchantment.</text>
    </card>
    <card>
      <name>Aggressive Codriver</name>
      <set rarity="uncommon">OVX</set>
      <prop>
        <colors>R</colors>
        <manacost>1R</manacost>
        <cmc>2</cmc>
        <type>Creature - Human Mercenary Pilot </type>
        <maintype>Creature</maintype>
        <pt>1/3</pt>
      </prop>
      <tablerow>2</tablerow>
      <text>Whenever this creature attacks, create a Treasure token.
{R}: Aggressive Codriver gets +1/+0 until end of turn.</text>
    </card>
    <card>
      <name>Orissa&apos;s Rivalry</name>
      <set rarity="rare">OVX</set>
      <prop>
        <colors>R</colors>
        <manacost>2R</manacost>
        <cmc>3</cmc>
        <type>Enchantment</type>
        <maintype>Enchantment</maintype>
      </prop>
      <tablerow>1</tablerow>
      <text>As this enchantment enters, choose XVX or Osiris.
• XVX — Whenever you cast a permanent spell, this enchantment deals 2 damage to any target.
• Osiris —  Whenever you cast a noncreature spell, create a red 1/1 Pilot artifact creature token with “{T}: Add {R}.”</text>
    </card>
    <card>
      <name>Car Jacker</name>
      <set rarity="uncommon">OVX</set>
      <prop>
        <colors>R</colors>
        <manacost>2R</manacost>
        <cmc>3</cmc>
        <type>Creature - Human Rogue Pilot </type>
        <maintype>Creature</maintype>
        <pt>3/2</pt>
      </prop>
      <tablerow>2</tablerow>
      <text>When this creature enters, gain control of up to one target artifact until end of turn. Untap it. If it’s a Vehicle, it becomes an artifact creature and gains haste until end of turn.</text>
    </card>
    <card>
      <name>Machine Rights Activist</name>
      <set rarity="rare">OVX</set>
      <prop>
        <colors>RG</colors>
        <manacost>2RG</manacost>
        <cmc>4</cmc>
        <type>Creature - Human Rogue </type>
        <maintype>Creature</maintype>
        <pt>4/4</pt>
      </prop>
      <tablerow>2</tablerow>
      <text>Ward {2}
When this creature enters, create two Treasure tokens.
1R: Target creature or artifact gains haste until end of turn.</text>
    </card>
    <card>
      <name>Kiss Goodbye</name>
      <set rarity="rare">OVX</set>
      <prop>
        <colors>WUR</colors>
        <manacost>1URW</manacost>
        <cmc>4</cmc>
        <type>Instant</type>
        <maintype>Instant</maintype>
      </prop>
      <tablerow>3</tablerow>
      <text>Choose two —
• Counter target spell.
• Target player draws two cards, then discard two cards.
• Kiss Goodbye deals 4 damage to target creature.
• Target player creates two 1/1 white Human Pilot creature tokens and a Treasure token.</text>
    </card>
    <card>
      <name>Victory at Any Cost</name>
      <set rarity="rare">OVX</set>
      <prop>
        <colors>U</colors>
        <manacost>1U</manacost>
        <cmc>2</cmc>
        <type>Instant</type>
        <maintype>Instant</maintype>
      </prop>
      <tablerow>3</tablerow>
      <text>Kicker 1R (You may pay an additional 1R as you cast this spell.)
If this spell was kicked, search your library for a card with mana value equal to a spell on the stack, reveal it, put into your hand, then shuffle.
You may exile a card from your hand. If you do, counter up to one target spell with mana value equal to the exiled card, then draw a card.</text>
    </card>
    <card>
      <name>Gen 2 Mana Vehicle</name>
      <set rarity="uncommon">OVX</set>
      <prop>
        <colors>U</colors>
        <manacost>1U</manacost>
        <cmc>2</cmc>
        <type>Artifact - Vehicle</type>
        <maintype>Artifact</maintype>
      </prop>
      <tablerow>1</tablerow>
      <text>Flash
This Vehicle can’t block.
When this Vehicle enters, counter target spell unless its controller pays {2}.
Engineer 2 (At the beginning of each combat, if you’ve spent at least two mana this turn, you may have this become an artifact creature until end of turn.)</text>
    </card>
    <card>
      <name>Multiboost</name>
      <set rarity="uncommon">OVX</set>
      <prop>
        <colors>U</colors>
        <manacost>U</manacost>
        <cmc>1</cmc>
        <type>Instant</type>
        <maintype>Instant</maintype>
      </prop>
      <tablerow>3</tablerow>
      <text>Multikicker 1U (You may pay an additional 1U any number of times as you cast this spell.)
Draw a card, then draw an additional card for each time this spell was kicked.</text>
    </card>
    <card>
      <name>Pitstop</name>
      <set rarity="uncommon">OVX</set>
      <prop>
        <colors>W</colors>
        <manacost>2W</manacost>
        <cmc>3</cmc>
        <type>Enchantment</type>
        <maintype>Enchantment</maintype>
      </prop>
      <tablerow>1</tablerow>
      <text>At the beginning of your end step, put a lap counter on this enchantment. You may return target Vehicle card with mana value less than or equal to the number of lap counters on this enchantment from your graveyard to your hand. If you don’t, surveil 1.</text>
    </card>
    <card>
      <name>Fatal Crash</name>
      <set rarity="uncommon">OVX</set>
      <prop>
        <colors>W</colors>
        <manacost>W</manacost>
        <cmc>1</cmc>
        <type>Instant</type>
        <maintype>Instant</maintype>
      </prop>
      <tablerow>3</tablerow>
      <text>Kicker—Sacrifice an artifact. (You may sacrifice an artifact in addition to any other costs as you cast this spell.)
Destroy target creature if its power is 2 or less. If this spell was kicked, destroy that creature if its power is 4 or less instead.</text>
    </card>
    <card>
      <name>Night Ride</name>
      <set rarity="rare">OVX</set>
      <prop>
        <colors>B</colors>
        <manacost>2B</manacost>
        <cmc>3</cmc>
        <type>Artifact - Vehicle </type>
        <maintype>Artifact</maintype>
      </prop>
      <tablerow>1</tablerow>
      <text>When this Vehicle enters, target player sacrifices a creature or Vehicle. If they don’t, they discard a card and you draw a card and you lose 1 life.
Engineer 4 (At the beginning of each combat, if you’ve spent at least four mana this turn, you may have this become an artifact creature until end of turn.)</text>
    </card>
    <card>
      <name>Surge MV</name>
      <set rarity="rare">OVX</set>
      <prop>
        <colors>W</colors>
        <manacost>1WW</manacost>
        <cmc>3</cmc>
        <type>Artifact - Vehicle </type>
        <maintype>Artifact</maintype>
      </prop>
      <tablerow>1</tablerow>
      <text>When this Vehicle enters, exile up to one target nonland, non-Xerx permanent until this Vehicle leaves the battlefield.
Engineer 4 (At the beginning of each combat, if you’ve spent at least four mana this turn, you may have this become an artifact creature until end of turn.)</text>
    </card>
    <card>
      <name>Beat Bloody</name>
      <set rarity="uncommon">OVX</set>
      <prop>
        <colors>B</colors>
        <manacost>B</manacost>
        <cmc>1</cmc>
        <type>Enchantment</type>
        <maintype>Enchantment</maintype>
      </prop>
      <tablerow>1</tablerow>
      <text>Enchant creature or Vehicle
At the beginning of each end step, if there are fewer than five -1/-1 counters on enchanted permanent, put a -1/-1 counter on enchanted permanent.
When enchanted permanent leaves the battlefield during an end step, you draw a card and you lose 1 life.</text>
    </card>
    <card>
      <name>Most Wanted</name>
      <set rarity="mythic">OVX</set>
      <prop>
        <colors>B</colors>
        <manacost>1B</manacost>
        <cmc>2</cmc>
        <type>Legendary Enchantment</type>
        <maintype>Enchantment</maintype>
      </prop>
      <tablerow>1</tablerow>
      <text>1B, Sacrifice this enchantment: Search your library for a card, put it into your hand, then shuffle. You lose 2 life.</text>
    </card>
    <card>
      <name>Final Frontier</name>
      <set rarity="uncommon">OVX</set>
      <prop>
        <colors>R</colors>
        <manacost>1R</manacost>
        <cmc>2</cmc>
        <type>Enchantment</type>
        <maintype>Enchantment</maintype>
      </prop>
      <tablerow>1</tablerow>
      <text>When Final Frontier enters, it deals 3 damage to any target.
3RR: You may discard a card. If you do, draw a card.</text>
    </card>
    <card>
      <name>Clouded Factory</name>
      <set rarity="rare">OVX</set>
      <prop>
        <colors>WU</colors>
        <manacost>WU</manacost>
        <cmc>2</cmc>
        <type>Artifact</type>
        <maintype>Artifact</maintype>
      </prop>
      <tablerow>1</tablerow>
      <text>As this artifact enters, look at target player’s hand, then choose a card name.
Whenever a player casts a spell with the chosen name, counter that spell and that player draws a card.</text>
    </card>
    <card>
      <name>Taken Out Back</name>
      <set rarity="uncommon">OVX</set>
      <prop>
        <colors>B</colors>
        <manacost>1B</manacost>
        <cmc>2</cmc>
        <type>Enchantment</type>
        <maintype>Enchantment</maintype>
      </prop>
      <tablerow>1</tablerow>
      <text>When Taken Out Back enters, exile all graveyards. Choose a nonland card exiled this way. You may cast that card for as long as you control Taken Out Back, and mana of any color may be spent to cast it.</text>
    </card>
    <card>
      <name>Island</name>
      <set rarity="">OVX</set>
      <prop>
        <colors></colors>
        <manacost></manacost>
        <cmc>0</cmc>
        <type>Basic Land - Island </type>
        <maintype>Land</maintype>
      </prop>
      <tablerow>0</tablerow>
      <text></text>
    </card>
    <card>
      <name>Mountain</name>
      <set rarity="">OVX</set>
      <prop>
        <colors></colors>
        <manacost></manacost>
        <cmc>0</cmc>
        <type>Basic Land - Mountain </type>
        <maintype>Land</maintype>
      </prop>
      <tablerow>0</tablerow>
      <text></text>
    </card>
    <card>
      <name>Forest</name>
      <set rarity="">OVX</set>
      <prop>
        <colors></colors>
        <manacost></manacost>
        <cmc>0</cmc>
        <type>Basic Land - Forest </type>
        <maintype>Land</maintype>
      </prop>
      <tablerow>0</tablerow>
      <text></text>
    </card>
    <card>
      <name>Swamp</name>
      <set rarity="">OVX</set>
      <prop>
        <colors></colors>
        <manacost></manacost>
        <cmc>0</cmc>
        <type>Basic Land - Swamp </type>
        <maintype>Land</maintype>
      </prop>
      <tablerow>0</tablerow>
      <text></text>
    </card>
    <card>
      <name>Plains</name>
      <set rarity="">OVX</set>
      <prop>
        <colors></colors>
        <manacost></manacost>
        <cmc>0</cmc>
        <type>Basic Land - Plains </type>
        <maintype>Land</maintype>
      </prop>
      <tablerow>0</tablerow>
      <text></text>
    </card>
    <card>
      <name>Trash Treasurer</name>
      <set rarity="rare">OVX</set>
      <prop>
        <colors>G</colors>
        <manacost>G</manacost>
        <cmc>1</cmc>
        <type>Creature - Human Pilot </type>
        <maintype>Creature</maintype>
        <pt>1/1</pt>
      </prop>
      <tablerow>2</tablerow>
      <text>Vigilance
Whenever this creature enters or attacks, mill a card.
{T}, Exile a card from your graveyard: Add one mana of any color.</text>
    </card>
    <card>
      <name>Repair Crew</name>
      <set rarity="uncommon">OVX</set>
      <prop>
        <colors>R</colors>
        <manacost>1R</manacost>
        <cmc>2</cmc>
        <type>Artifact Creature - Cyborg Artificer </type>
        <maintype>Creature</maintype>
        <pt>2/2</pt>
      </prop>
      <tablerow>2</tablerow>
      <text>{T}, Sacrifice another permanent: Create a Treasure token.
2RR, {T}, Sacrifice two other permanents: Create a 4/4 red artifact Vehicle token with haste and engineer 4. (At the beginning of each combat, if you’ve spent at least four mana this turn, you may have this become an artifact creature until end of turn.)</text>
    </card>
    <card>
      <name>Hard Drive Collector</name>
      <set rarity="rare">OVX</set>
      <prop>
        <colors>B</colors>
        <manacost>1B</manacost>
        <cmc>2</cmc>
        <type>Creature - Human Mercenary </type>
        <maintype>Creature</maintype>
        <pt>2/2</pt>
      </prop>
      <tablerow>2</tablerow>
      <text>When Hard Drive Collector enters, mill four cards.
Whenever one or more cards leave your graveyard, draw a card and you lose 1 life. This ability triggers only once each turn.</text>
    </card>
    <card>
      <name>Xerx&apos;s Rivalry</name>
      <set rarity="rare">OVX</set>
      <prop>
        <colors>G</colors>
        <manacost>2G</manacost>
        <cmc>3</cmc>
        <type>Enchantment</type>
        <maintype>Enchantment</maintype>
      </prop>
      <tablerow>1</tablerow>
      <text>As Brand Rivalry enters, choose XVX or Osiris.
• XVX — When this enchantment enters and at the beginning of your upkeep, mill two cards. You may put a permanent card
• Osiris — At the beginning of combat on your turn, up to one target permanent becomes a 4/4 Vehicle artifact creature in addition to its other types until your next turn.</text>
    </card>
    <card>
      <name>Orissa&apos;s Talent</name>
      <set rarity="rare">OVX</set>
      <prop>
        <colors>UR</colors>
        <manacost>UR</manacost>
        <cmc>2</cmc>
        <type>Instant</type>
        <maintype>Instant</maintype>
      </prop>
      <tablerow>3</tablerow>
      <text>Search your library for a Vehicle card, reveal it, put it into your hand, then shuffle.</text>
    </card>
    <card>
      <name>Trial Peaks Circuit</name>
      <set rarity="mythic">OVX</set>
      <prop>
        <colors></colors>
        <manacost></manacost>
        <cmc>0</cmc>
        <type>Legendary Land - Circuit </type>
        <maintype>Land</maintype>
      </prop>
      <tablerow>0</tablerow>
      <text>{T}: Add {C}.
{T}: Add one mana of any color. Spend this mana only to cast legendary spells. That spell can’t be countered.</text>
    </card>
    <card>
      <name>Scrap Crawler</name>
      <set rarity="rare">OVX</set>
      <prop>
        <colors>RG</colors>
        <manacost>1RG</manacost>
        <cmc>3</cmc>
        <type>Artifact - Vehicle </type>
        <maintype>Artifact</maintype>
      </prop>
      <tablerow>1</tablerow>
      <text>When this Vehicle enters, return target permanent card with mana value 3 or less not named Scrap Crawler from your graveyard to your hand.
Engineer 3 (At the beginning of each combat, if you’ve spent at least three mana this turn, you may have this become an artifact creature until end of turn.)</text>
    </card>
    <card>
      <name>Roadster Rager MV</name>
      <set rarity="uncommon">OVX</set>
      <prop>
        <colors></colors>
        <manacost>2</manacost>
        <cmc>2</cmc>
        <type>Artifact - Vehicle </type>
        <maintype>Artifact</maintype>
      </prop>
      <tablerow>1</tablerow>
      <text>This Vehicle can’t block.
Engineer 7 (At the beginning of each combat, if you’ve spent at least seven mana this turn, you may have this become an artifact creature until end of turn.)</text>
    </card>
    <card>
      <name>Lifecycling Project</name>
      <set rarity="common">OVX</set>
      <prop>
        <colors>G</colors>
        <manacost>1G</manacost>
        <cmc>2</cmc>
        <type>Enchantment</type>
        <maintype>Enchantment</maintype>
      </prop>
      <tablerow>1</tablerow>
      <text>When this enchantment enters, destroy up to one target artifact or enchantment.
3GG, Sacrifice this enchantment: Search your library for a basic land card or Circuit card, put it onto the battlefield, then shuffle.</text>
    </card>
    <card>
      <name>Scrapper&apos;s Awakening</name>
      <set rarity="mythic">OVX</set>
      <prop>
        <colors>RG</colors>
        <manacost>3RG</manacost>
        <cmc>5</cmc>
        <type>Enchantment</type>
        <maintype>Enchantment</maintype>
      </prop>
      <tablerow>1</tablerow>
      <text>When this enchantment enters, creatures you control get +3/+3 and gain trample until end of turn.
Whenever a creature you control deals combat damage to an opponent, look at the top card of your library. If it’s a land card, put it onto the battlefield. Otherwise, exile it. You may cast that card until the end of your next turn.</text>
    </card>
    <card>
      <name>Resourceful Waterguardian</name>
      <set rarity="rare">OVX</set>
      <prop>
        <colors>U</colors>
        <manacost>2U</manacost>
        <cmc>3</cmc>
        <type>Artifact Creature - Merfolk Cyborg </type>
        <maintype>Creature</maintype>
        <pt>3/2</pt>
      </prop>
      <tablerow>2</tablerow>
      <text>Flash
Whenever one or more creatures you control deal combat damage to an opponent, you may return a creature you control to its owner’s hand. If you do, untap up to two target artifacts and/or lands.</text>
    </card>
    <card>
      <name>The Secret Santa</name>
      <set rarity="">OVX</set>
      <prop>
        <colors>WRG</colors>
        <manacost>RGW</manacost>
        <cmc>3</cmc>
        <type>Legendary Creature - Grinch </type>
        <maintype>Creature</maintype>
        <pt>3/3</pt>
      </prop>
      <tablerow>2</tablerow>
      <text>If a player would be promised a gift, each player is promised that gift instead.
{T}: Each player exiles the top card of their library face down. For the rest of the game, any player may pay {2}. If they do, they put a card they exiled this way into their hand.</text>
    </card>
    <card>
      <name>Successful Experiment</name>
      <set rarity="rare">OVX</set>
      <prop>
        <colors>BRG</colors>
        <manacost>BRG</manacost>
        <cmc>3</cmc>
        <type>Artifact Creature - Cyborg Pilot </type>
        <maintype>Creature</maintype>
        <pt>3/3</pt>
      </prop>
      <tablerow>2</tablerow>
      <text>This spell can’t be countered.
Flying, haste
Whenever this creature deals combat damage to an opponent, the next spell you cast this turn can’t be countered.</text>
    </card>

    <!-->Tokens</-->

    <card>
      <name>red Pilot 11OVX</name>
      <set>OVX</set>
      <prop>
        <colors>R</colors>
        <type>Token Artifact Creature - Pilot  </type>
        <maintype>Creature</maintype>
        <pt>1/1</pt>
      </prop>
      <tablerow>2</tablerow>
      <text>{T}: Add {R}.</text>
      <token>1</token>
      <reverse-related>Orissa&apos;s Rivalry</reverse-related>
    </card>
    <card>
      <name>white Human Pilot 11OVX</name>
      <set>OVX</set>
      <prop>
        <colors>W</colors>
        <type>Token Creature - Human Pilot </type>
        <maintype>Creature</maintype>
        <pt>1/1</pt>
      </prop>
      <tablerow>2</tablerow>
      <text></text>
      <token>1</token>
      <reverse-related count="2">Kiss Goodbye</reverse-related>
    </card>
    <card>
      <name>Treasure OVX</name>
      <set>OVX</set>
      <prop>
        <colors></colors>
        <type>Token Artifact - Treasure </type>
        <maintype>Artifact</maintype>
      </prop>
      <tablerow>1</tablerow>
      <text>{T}, Sacrifice this token: Add one mana of any color.</text>
      <token>1</token>
      <reverse-related>Kiss Goodbye</reverse-related>
      <reverse-related count="2">Out from Nowhere</reverse-related>
      <reverse-related count="2">Machine Rights Activist</reverse-related>
      <reverse-related>Aggressive Codriver</reverse-related>
      <reverse-related>Repair Crew</reverse-related>
      <reverse-related></reverse-related>
      <reverse-related></reverse-related>
      <reverse-related></reverse-related>
    </card>
    <card>
      <name>Osiris MV 22OVX</name>
      <set>OVX</set>
      <prop>
        <colors></colors>
        <type>Token Artifact - Vehicle </type>
        <maintype>Artifact</maintype>
      </prop>
      <tablerow>1</tablerow>
      <text>Engineer 2 (At the beginning of each combat, if you’ve spent at least two mana this turn, you may have this become an artifact creature until end of turn.)</text>
      <token>1</token>
      <reverse-related>Orissa, the Prodigy</reverse-related>
    </card>
    <card>
      <name>red XVX MV 44OVX</name>
      <set>OVX</set>
      <prop>
        <colors>R</colors>
        <type>Token Artifact - Vehicle </type>
        <maintype>Artifact</maintype>
      </prop>
      <tablerow>1</tablerow>
      <text>Haste
Engineer 4</text>
      <token>1</token>
      <reverse-related>Repair Crew</reverse-related>
    </card>
    <card>
      <name>Orissa&apos;s Emblem OVX</name>
      <set>OVX</set>
      <prop>
        <colors></colors>
        <type>Emblem</type>
        <maintype>Emblem</maintype>
      </prop>
      <tablerow>1</tablerow>
      <text>Vehicles you control have engineer 0.</text>
      <token>1</token>
      <reverse-related>Orissa, the Prodigy</reverse-related>
    </card>
    <card>
      <name>Charge OVX</name>
      <set>OVX</set>
      <prop>
        <colors></colors>
        <type>Token Artifact - Charge</type>
        <maintype>Artifact</maintype>
      </prop>
      <tablerow>1</tablerow>
      <text>{2}, {T}, Sacrifice this artifact: Draw a card at the beginning of the next turn’s upkeep.</text>
      <token>1</token>
      <reverse-related>Osiris Chaser</reverse-related>
      <reverse-related>Orissa, the Prodigy</reverse-related>
      <reverse-related></reverse-related>
      <reverse-related></reverse-related>
    </card>

  </cards>
</cockatrice_carddatabase>