<?xml version="1.0" encoding="UTF-8"?>
<cockatrice_carddatabase version="4">
  <sets>
    <set>
      <name>OVX</name>
      <longname></longname>
      <settype>OVX</settype>
    </set>
  </sets>
  <cards>

    <card>
      <name>Refuel</name>
      <set rarity="rare">OVX</set>
      <prop>
        <colors>UR</colors>
        <manacost>1UR</manacost>
        <cmc>3</cmc>
        <type>Enchantment</type>
        <maintype>Enchantment</maintype>
      </prop>
      <tablerow>1</tablerow>
      <text>At the beginning of your upkeep, target instant or sorcery card in your graveyard gains flashback until end of turn. Its flashback cost is equal to its mana cost.</text>
    </card>
    <card>
      <name>XVX Rano C4</name>
      <set rarity="mythic">OVX</set>
      <prop>
        <colors>R</colors>
        <manacost>2RR</manacost>
        <cmc>4</cmc>
        <type>Artifact - Vehicle </type>
        <maintype>Artifact</maintype>
      </prop>
      <tablerow>1</tablerow>
      <text>Haste
Whenever XVX Rano C4 attacks, you may discard two cards and draw two cards.
Engineer 4 (At the beginning of each combat, if you’ve spent at least four mana this turn, you may have this become an artifact creature until end of turn.)</text>
    </card>
    <card>
      <name>Graveyard Crusher</name>
      <set rarity="rare">OVX</set>
      <prop>
        <colors>G</colors>
        <manacost>G</manacost>
        <cmc>1</cmc>
        <type>Artifact - Vehicle </type>
        <maintype>Artifact</maintype>
      </prop>
      <tablerow>1</tablerow>
      <text>{G}: Exile target card from a graveyard. If you owned it, put a +1/+1 counter on Graveyard Crusher.
Engineer 2 (At the beginning of each combat, if you’ve spent at least two mana this turn, you may have this become an artifact creature until end of turn.)</text>
    </card>
    <card>
      <name>Barren Highway</name>
      <set rarity="uncommon">OVX</set>
      <prop>
        <colors></colors>
        <manacost></manacost>
        <cmc>0</cmc>
        <type>Land</type>
        <maintype>Land</maintype>
      </prop>
      <tablerow>0</tablerow>
      <text>{T}: Add {C}.
{2}, {T}: Destroy target land. Each player may search their library for a basic land card and put it onto the battlefield tapped, then shuffle.</text>
    </card>
    <card>
      <name>Touring Track</name>
      <set rarity="rare">OVX</set>
      <prop>
        <colors></colors>
        <manacost></manacost>
        <cmc>0</cmc>
        <type>Land - Circuit </type>
        <maintype>Land</maintype>
      </prop>
      <tablerow>0</tablerow>
      <text>{T}: Search your library for a basic land card and put it onto the battlefield tapped, then shuffle. Then if you control two or more basic lands, untap that land.</text>
    </card>
    <card>
      <name>Xerx, the Inventive</name>
      <set rarity="mythic">OVX</set>
      <prop>
        <colors>BRG</colors>
        <manacost>BRG</manacost>
        <cmc>3</cmc>
        <type>Legendary Planeswalker - Xerx </type>
        <maintype>Planeswalker</maintype>
      <loyalty>3</loyalty>
      </prop>
      <tablerow>1</tablerow>
      <text>Driver—Each card in your starting deck is a permanent card. (If this card outside the game is your chosen driver, you may swap it with a card in your opening hand.)
[+1]: Return up to one target permanent card from your graveyard to your hand.
[-2]: Destroy target artifact or enchantment. If you controlled it, draw two cards then discard a card. 
[-X]: Xerx deals X damage to any target. You gain X life.</text>
    </card>
    <card>
      <name>Orissa, the Prodigy</name>
      <set rarity="mythic">OVX</set>
      <prop>
        <colors>WUR</colors>
        <manacost>1URW</manacost>
        <cmc>4</cmc>
        <type>Legendary Planeswalker - Orissa </type>
        <maintype>Planeswalker</maintype>
      <loyalty>4</loyalty>
      </prop>
      <tablerow>1</tablerow>
      <text>Driver—Each creature in your starting deck is a Pilot and it contains ten or more Vehicles. (If this card outside the game is your chosen driver, you may swap it with a card in your opening hand.)
[+1]: Create a 2/2 colorless Vehicle artifact token named Osiris MV with flying and engineer 2. 
[0]: Untap up to one target artifact and up to one target land.
[-6]: Search your library for up to three Vehicle cards and put them onto the battlefield, then shuffle. You get an emblem with “Vehicles you control have engineer 0.”</text>
    </card>
    <card>
      <name>Unfortunate Accident</name>
      <set rarity="uncommon" splitterPath="/Unfortunate Accident.png" >OVX</set>
      <prop>
        <colors>B</colors>
        <manacost>B</manacost>
        <cmc>1</cmc>
        <type>Enchantment</type>
        <maintype>Enchantment</maintype>
      </prop>
      <tablerow>1</tablerow>
      <text>When Unfortunate Accident enters the battlefield, each opponent discards a card. Mill two cards.
2B: Transform Unfortunate Accident.
---
(Back): Crash Survivor</text>
      <related attach="transform">Crash Survivor</related>
    </card>
    <card>
      <name>Crash Survivor</name>
      <set rarity="uncommon" splitterPath="/Crash Survivor.png" >OVX</set>
      <prop>
        <colors>B</colors>
        <manacost></manacost>
        <cmc>1</cmc>
        <type>Artifact Creature - Cyborg Survivor  </type>
        <pt>2/2</pt>
      </prop>
      <tablerow>2</tablerow>
      <text>Slipstream (This creature can’t be blocked as long as only creatures with slipstream are attacking.)
Whenever this creature deals combat damage to an opponent, exile up to one target card from a graveyard. If you owned it, each opponent loses 1 life and you gain 1 life.
---
(Front): Unfortunate Accident</text>
      <related attach="transform">Unfortunate Accident</related>
    </card>
    <card>
      <name>Over-Rev</name>
      <set rarity="common">OVX</set>
      <prop>
        <colors>R</colors>
        <manacost>R</manacost>
        <cmc>1</cmc>
        <type>Instant</type>
        <maintype>Instant</maintype>
      </prop>
      <tablerow>3</tablerow>
      <text>Kicker—Sacrfice an artifact. (You may sacrfice an artifact in addition to any other costs as you cast this spell.)
Over-Rev deals 2 damage to any target. If Over-Rev was kicked, it deals 4 damage instead.</text>
    </card>
    <card>
      <name>City Circuit</name>
      <set rarity="rare">OVX</set>
      <prop>
        <colors></colors>
        <manacost></manacost>
        <cmc>0</cmc>
        <type>Land - Circuit </type>
        <maintype>Land</maintype>
      </prop>
      <tablerow>0</tablerow>
      <text>City Circuit enters tapped unless you control two or fewer other lands.
{T}: Search your library for a basic land card and put it onto the battlefield, then shuffle.</text>
    </card>
    <card>
      <name>Out from Nowhere</name>
      <set rarity="rare">OVX</set>
      <prop>
        <colors>BR</colors>
        <manacost>BR</manacost>
        <cmc>2</cmc>
        <type>Enchantment</type>
        <maintype>Enchantment</maintype>
      </prop>
      <tablerow>1</tablerow>
      <text>Flash
When Out from Nowhere enters, destroy up to one target artifact or creature.
1BR, Sacrifice Out from Nowhere: Create two treasure tokens.</text>
    </card>
    <card>
      <name>XVX Headquarters</name>
      <set rarity="rare">OVX</set>
      <prop>
        <colors></colors>
        <manacost></manacost>
        <cmc>0</cmc>
        <type>Artifact Land - Vehicle </type>
        <maintype>Land</maintype>
      </prop>
      <tablerow>0</tablerow>
      <cipt>1</cipt>
      <text>XVX Headquarters enters tapped.
{T}: Add {B}, {R} or {G}.
Flying, ward {2}
Engineer 5 (At the beginning of each combat, if you’ve spent at least five mana this turn, you may have this become an artifact creature until end of turn.)</text>
    </card>
    <card>
      <name>Osiris Headquarters</name>
      <set rarity="rare">OVX</set>
      <prop>
        <colors></colors>
        <manacost></manacost>
        <cmc>0</cmc>
        <type>Artifact Land - Vehicle </type>
        <maintype>Land</maintype>
      </prop>
      <tablerow>0</tablerow>
      <cipt>1</cipt>
      <text>Osiris Headquarters enters tapped.
{T}: Add {U}, {R} or {W}.
Flying, ward {2}
Engineer 5 (At the beginning of each combat, if you’ve spent at least five mana this turn, you may have this become an artifact creature until end of turn.)</text>
    </card>
    <card>
      <name>Team Lounge</name>
      <set rarity="uncommon">OVX</set>
      <prop>
        <colors>R</colors>
        <manacost>R</manacost>
        <cmc>1</cmc>
        <type>Artifact</type>
        <maintype>Artifact</maintype>
      </prop>
      <tablerow>1</tablerow>
      <text>Whenever you cast your first noncreature spell each turn, draw a card then discard a card.
{T}: Target Vehicle becomes a creature until end of turn.</text>
    </card>
    <card>
      <name>Grand Finale</name>
      <set rarity="rare">OVX</set>
      <prop>
        <colors>W</colors>
        <manacost>4WW</manacost>
        <cmc>6</cmc>
        <type>Instant</type>
        <maintype>Instant</maintype>
      </prop>
      <tablerow>3</tablerow>
      <text>Destroy all creatures.</text>
    </card>
    <card>
      <name>Osiris Chaser</name>
      <set rarity="rare">OVX</set>
      <prop>
        <colors>U</colors>
        <manacost>U</manacost>
        <cmc>1</cmc>
        <type>Artifact - Vehicle </type>
        <maintype>Artifact</maintype>
      </prop>
      <tablerow>1</tablerow>
      <text>Hideaway 4 (When this artifact enters, look at the top four cards of your library, exile one face down, then put the rest on the bottom in a random order.)
Whenever this artifact deals combat damage, you may cast the spell from exile until end of turn.
Engineer 2 (At the beginning of each combat, if you’ve spent at least two mana this turn, you may have this become an artifact creature until end of turn.)</text>
    </card>
    <card>
      <name>Test Drive</name>
      <set rarity="rare">OVX</set>
      <prop>
        <colors>WUR</colors>
        <manacost>URW</manacost>
        <cmc>3</cmc>
        <type>Instant</type>
        <maintype>Instant</maintype>
      </prop>
      <tablerow>3</tablerow>
      <text>Exile target nonland permanent that’s an artifact, creature or enchantment. If you controlled it, return it to the battlefield under its owner’s control.</text>
    </card>
    <card>
      <name>Underground</name>
      <set rarity="uncommon">OVX</set>
      <prop>
        <colors></colors>
        <manacost></manacost>
        <cmc>0</cmc>
        <type>Land</type>
        <maintype>Land</maintype>
      </prop>
      <tablerow>0</tablerow>
      <text>When Underground enters, exile up to two target cards from any graveyard.
{T}: Add {C}.</text>
    </card>
    <card>
      <name>Quantum Prime Circuit</name>
      <set rarity="mythic">OVX</set>
      <prop>
        <colors></colors>
        <manacost></manacost>
        <cmc>0</cmc>
        <type>Legendary Artifact Land - Circuit </type>
        <maintype>Land</maintype>
      </prop>
      <tablerow>0</tablerow>
      <text>Ward {2}
{T}: Add {C}.
{T}, Pay 1 life: Add one mana of any color. Spend this mana only to cast artifact or Orissa spells.</text>
    </card>
    <card>
      <name>Xerx&apos;s Subterfuge</name>
      <set rarity="common">OVX</set>
      <prop>
        <colors>B</colors>
        <manacost>B</manacost>
        <cmc>1</cmc>
        <type>Enchantment</type>
        <maintype>Enchantment</maintype>
      </prop>
      <tablerow>1</tablerow>
      <text>When Xerx’s Subterfuge enters, surveil 1. (Look at the top card of your library. You may put it into your graveyard.)
1B, Sacrifice Xerx’s Subterfuge: Target opponent reveals their hand. You choose a non-Orissa, noncreature, nonland card from it. That player discards that card. Activate only as a sorcery.</text>
    </card>
    <card>
      <name>Mana Harness</name>
      <set rarity="common">OVX</set>
      <prop>
        <colors>U</colors>
        <manacost>1U</manacost>
        <cmc>2</cmc>
        <type>Instant</type>
        <maintype>Instant</maintype>
      </prop>
      <tablerow>3</tablerow>
      <text>Counter target spell unless its controller pays {2}.
Cycling 1U (1U, Discard this card: Draw a card.)</text>
    </card>
    <card>
      <name>Osiris GT M2</name>
      <set rarity="mythic">OVX</set>
      <prop>
        <colors>U</colors>
        <manacost>2UU</manacost>
        <cmc>4</cmc>
        <type>Artifact - Vehicle </type>
        <maintype>Artifact</maintype>
      </prop>
      <tablerow>1</tablerow>
      <text>Flash
Whenever Osiris GT M2 attacks, you may draw two cards, then discard two cards.
Engineer 4 (At the beginning of each combat, if you’ve spent at least four mana this turn, you may have this become an artifact creature until end of turn.)</text>
    </card>
    <card>
      <name>Bifurcated Will</name>
      <set rarity="rare">OVX</set>
      <prop>
        <colors>U</colors>
        <manacost>XU</manacost>
        <cmc>1</cmc>
        <type>Instant</type>
        <maintype>Instant</maintype>
      </prop>
      <tablerow>3</tablerow>
      <text>You may counter target spell unless its controller pays {X}. If {R} was spent to cast this, you may instead have Bifurcated Will deal X damage to any target. If five or more mana was spent to cast this, this spell can’t be countered.</text>
    </card>
    <card>
      <name>Check Point</name>
      <set rarity="rare">OVX</set>
      <prop>
        <colors></colors>
        <manacost></manacost>
        <cmc>0</cmc>
        <type>Land - Island Mountain </type>
        <maintype>Land</maintype>
      </prop>
      <tablerow>0</tablerow>
      <text>({T}: Add {U} or {R}.)
You may have Check Point enter tapped. If you don’t, each opponent may surveil 1.</text>
    </card>
    <card>
      <name>Busy Slums</name>
      <set rarity="rare">OVX</set>
      <prop>
        <colors></colors>
        <manacost></manacost>
        <cmc>0</cmc>
        <type>Land - Mountain Plains </type>
        <maintype>Land</maintype>
      </prop>
      <tablerow>0</tablerow>
      <text>({T}: Add {R} or {W}.)
You may have Busy Slums enter tapped. If you don’t, each opponent may surveil 1.</text>
    </card>
    <card>
      <name>Outer Ducts</name>
      <set rarity="rare">OVX</set>
      <prop>
        <colors></colors>
        <manacost></manacost>
        <cmc>0</cmc>
        <type>Land - Plains Island </type>
        <maintype>Land</maintype>
      </prop>
      <tablerow>0</tablerow>
      <text>({T}: Add {W} or {U}.)
You may have Outer Ducts enter tapped. If you don’t, each opponent may surveil 1.</text>
    </card>
    <card>
      <name>Airy Pillar</name>
      <set rarity="rare">OVX</set>
      <prop>
        <colors></colors>
        <manacost></manacost>
        <cmc>0</cmc>
        <type>Land - Swamp Mountain </type>
        <maintype>Land</maintype>
      </prop>
      <tablerow>0</tablerow>
      <text>({T}: Add {B} or {R}.)
You may have Airy Pillar enter tapped. If you don’t, each opponent may surveil 1.</text>
    </card>
    <card>
      <name>Tangled Streets</name>
      <set rarity="rare">OVX</set>
      <prop>
        <colors></colors>
        <manacost></manacost>
        <cmc>0</cmc>
        <type>Land - Swamp Forest </type>
        <maintype>Land</maintype>
      </prop>
      <tablerow>0</tablerow>
      <text>({T}: Add {B} or {G}.)
You may have Tangled Streets enter tapped. If you don’t, each opponent may surveil 1.</text>
    </card>
    <card>
      <name>Rundown Town</name>
      <set rarity="rare">OVX</set>
      <prop>
        <colors></colors>
        <manacost></manacost>
        <cmc>0</cmc>
        <type>Land - Forest Plains </type>
        <maintype>Land</maintype>
      </prop>
      <tablerow>0</tablerow>
      <text>({T}: Add {G} or {W}.)
You may have Rundown Town enter tapped. If you don’t, each opponent may surveil 1.</text>
    </card>
    <card>
      <name>Burial Site</name>
      <set rarity="rare">OVX</set>
      <prop>
        <colors></colors>
        <manacost></manacost>
        <cmc>0</cmc>
        <type>Land - Plains Swamp </type>
        <maintype>Land</maintype>
      </prop>
      <tablerow>0</tablerow>
      <text>({T}: Add {W} or {B}.)
You may have Burial Site enter tapped. If you don’t, each opponent may surveil 1.</text>
    </card>
    <card>
      <name>Rural Grid</name>
      <set rarity="rare">OVX</set>
      <prop>
        <colors></colors>
        <manacost></manacost>
        <cmc>0</cmc>
        <type>Land - Mountain Forest </type>
        <maintype>Land</maintype>
      </prop>
      <tablerow>0</tablerow>
      <text>({T}: Add {R} or {G}.)
You may have Rural Grid enter tapped. If you don’t, each opponent may surveil 1.</text>
    </card>
    <card>
      <name>Polluted Stream</name>
      <set rarity="rare">OVX</set>
      <prop>
        <colors></colors>
        <manacost></manacost>
        <cmc>0</cmc>
        <type>Land - Island Swamp </type>
        <maintype>Land</maintype>
      </prop>
      <tablerow>0</tablerow>
      <text>({T}: Add {U} or {B}.)
You may have Polluted Stream enter tapped. If you don’t, each opponent may surveil 1.</text>
    </card>
    <card>
      <name>Natrual Isle</name>
      <set rarity="rare">OVX</set>
      <prop>
        <colors></colors>
        <manacost></manacost>
        <cmc>0</cmc>
        <type>Land - Forest Island </type>
        <maintype>Land</maintype>
      </prop>
      <tablerow>0</tablerow>
      <text>({T}: Add {G} or {U}.)
You may have Natrual Isle enter tapped. If you don’t, each opponent may surveil 1.</text>
    </card>
    <card>
      <name>XVX Mechanic</name>
      <set rarity="mythic">OVX</set>
      <prop>
        <colors>G</colors>
        <manacost>1G</manacost>
        <cmc>2</cmc>
        <type>Creature - Human Artificer </type>
        <maintype>Creature</maintype>
        <pt>3/2</pt>
      </prop>
      <tablerow>2</tablerow>
      <text>Trample
Whenever XVX Mechanic deals combat damage to an opponent, return a permanent card from your graveyard to your hand, then sacrifice a permanent.</text>
    </card>
    <card>
      <name>Bifurcated Crash</name>
      <set rarity="uncommon">OVX</set>
      <prop>
        <colors>R</colors>
        <manacost>XR</manacost>
        <cmc>1</cmc>
        <type>Instant</type>
        <maintype>Instant</maintype>
      </prop>
      <tablerow>3</tablerow>
      <text>Destroy target artifact. If {W} was spent to cast this, you may instead destroy target enchantment. If five or more mana was spent to cast this, this spell can’t be countered.</text>
    </card>
    <card>
      <name>Aggressive Codriver</name>
      <set rarity="uncommon">OVX</set>
      <prop>
        <colors>R</colors>
        <manacost>1R</manacost>
        <cmc>2</cmc>
        <type>Creature - Human Mercenary Pilot </type>
        <maintype>Creature</maintype>
        <pt>1/3</pt>
      </prop>
      <tablerow>2</tablerow>
      <text>Whenever this creature attacks, create a treasure token.
{R}: Aggressive Codriver gets +1/+0 until end of turn.</text>
    </card>
    <card>
      <name>Orissa&apos;s Rivalry</name>
      <set rarity="rare">OVX</set>
      <prop>
        <colors>R</colors>
        <manacost>2R</manacost>
        <cmc>3</cmc>
        <type>Enchantment</type>
        <maintype>Enchantment</maintype>
      </prop>
      <tablerow>1</tablerow>
      <text>As Orissa’s Rivalry enters, choose XVX or Osiris.
• XVX — Whenever you cast a permanent spell, Orissa’s Rivalry deals 2 damage to any target.
• Osiris —  Whenever you cast a noncreature spell, create a red 1/1 Pilot artifact creature token with “{T}: Add {R}.”</text>
    </card>
    <card>
      <name>Car Jacker</name>
      <set rarity="uncommon">OVX</set>
      <prop>
        <colors>R</colors>
        <manacost>2R</manacost>
        <cmc>3</cmc>
        <type>Creature - Human Rogue Pilot </type>
        <maintype>Creature</maintype>
        <pt>3/2</pt>
      </prop>
      <tablerow>2</tablerow>
      <text>When Car Jacker enters, gain control of up to one target artifact until end of turn. If it’s a vehicle, it becomes an artifact creature and gains haste until end of turn.</text>
    </card>
    <card>
      <name>Machine Rights Activist</name>
      <set rarity="rare">OVX</set>
      <prop>
        <colors>RG</colors>
        <manacost>2RG</manacost>
        <cmc>4</cmc>
        <type>Creature - Human Rogue </type>
        <maintype>Creature</maintype>
        <pt>4/4</pt>
      </prop>
      <tablerow>2</tablerow>
      <text>Ward {2}
When Machine Rights Activist enters, create two treasure tokens.
1R: Target creature or artifact gains haste until end of turn.</text>
    </card>
    <card>
      <name>Kiss Goodbye</name>
      <set rarity="rare">OVX</set>
      <prop>
        <colors>WUR</colors>
        <manacost>1URW</manacost>
        <cmc>4</cmc>
        <type>Instant</type>
        <maintype>Instant</maintype>
      </prop>
      <tablerow>3</tablerow>
      <text>Choose two —
• Counter target spell.
• Target player draws two cards, then discard two cards.
• Kiss Goodbye deals 4 damage to target creature.
• Target player creates two 1/1 white Human creature tokens and a treasure token.</text>
    </card>
    <card>
      <name>Victory at Any Cost</name>
      <set rarity="rare">OVX</set>
      <prop>
        <colors>U</colors>
        <manacost>1U</manacost>
        <cmc>2</cmc>
        <type>Instant</type>
        <maintype>Instant</maintype>
      </prop>
      <tablerow>3</tablerow>
      <text>Kicker 1R (You may pay an additional 1R as you cast this spell.)
If this spell was kicked, search your library for a card with mana value equal to a card on the stack, then shuffle.
You may exile a card from your hand. If you do, counter up to one target spell with equal mana value, then draw a card.</text>
    </card>
    <card>
      <name>Gen 2 Mana Vehicle</name>
      <set rarity="uncommon">OVX</set>
      <prop>
        <colors>U</colors>
        <manacost>1U</manacost>
        <cmc>2</cmc>
        <type>Artifact - Vehicle</type>
        <maintype>Artifact</maintype>
      </prop>
      <tablerow>1</tablerow>
      <text>Flash
When Gen 2 Mana Vehicle enters, counter target spell unless its controller pays {2}.
Gen 2 Mana Vehicle can’t block.
Engineer 2 (At the beginning of each combat, if you’ve spent at least two mana this turn, you may have this become an artifact creature until end of turn.)</text>
    </card>
    <card>
      <name>Multiboost</name>
      <set rarity="uncommon">OVX</set>
      <prop>
        <colors>U</colors>
        <manacost>U</manacost>
        <cmc>1</cmc>
        <type>Instant</type>
        <maintype>Instant</maintype>
      </prop>
      <tablerow>3</tablerow>
      <text>Multikicker 1U (You may pay an additional 1U any number of times as you cast this spell.)
Draw a card. Draw an additional card for each time this was kicked.</text>
    </card>
    <card>
      <name>Pitstop</name>
      <set rarity="uncommon">OVX</set>
      <prop>
        <colors>W</colors>
        <manacost>2W</manacost>
        <cmc>3</cmc>
        <type>Enchantment</type>
        <maintype>Enchantment</maintype>
      </prop>
      <tablerow>1</tablerow>
      <text>At the beginning of your end step, put a lap counter on Pitstop. You may return target Vehicle card from your graveyard to your hand with mana value equal to or less than the number of counters on Pitstop. If you don’t, surveil 1.</text>
    </card>
    <card>
      <name>Fatal Crash</name>
      <set rarity="uncommon">OVX</set>
      <prop>
        <colors>W</colors>
        <manacost>W</manacost>
        <cmc>1</cmc>
        <type>Instant</type>
        <maintype>Instant</maintype>
      </prop>
      <tablerow>3</tablerow>
      <text>Kicker—Sacrifice an artifact. (You may sacrifice an artifact in addition to any other costs as you cast this spell.)
Destroy target creature that has power 2 or less. If it was kicked, destroy that creature if it has power 4 or less instead.</text>
    </card>
    <card>
      <name>Night Ride</name>
      <set rarity="rare">OVX</set>
      <prop>
        <colors>B</colors>
        <manacost>2B</manacost>
        <cmc>3</cmc>
        <type>Artifact - Vehicle </type>
        <maintype>Artifact</maintype>
      </prop>
      <tablerow>1</tablerow>
      <text>When Night Ride enters, target player sacrifices a creature or planeswalker. If they can’t, they discard a card and you draw a card and you lose 1 life.
Engineer 4 (At the beginning of each combat, if you’ve spent at least four mana this turn, you may have this become an artifact creature until end of turn.)</text>
    </card>
    <card>
      <name>Surge MV</name>
      <set rarity="rare">OVX</set>
      <prop>
        <colors>W</colors>
        <manacost>1WW</manacost>
        <cmc>3</cmc>
        <type>Artifact - Vehicle </type>
        <maintype>Artifact</maintype>
      </prop>
      <tablerow>1</tablerow>
      <text>When Surge MV enters, exile up to one target nonland, non-Xerx permanent until Surge MV leaves the battlefield.
Engineer 4 (At the beginning of each combat, if you’ve spent at least four mana this turn, you may have this become an artifact creature until end of turn.)</text>
    </card>
    <card>
      <name>Beat Bloody</name>
      <set rarity="common">OVX</set>
      <prop>
        <colors>B</colors>
        <manacost>B</manacost>
        <cmc>1</cmc>
        <type>Enchantment</type>
        <maintype>Enchantment</maintype>
      </prop>
      <tablerow>1</tablerow>
      <text>Enchant permanent
At the beginning of each end step, if there aren’t five -1/-1 counters on enchanted permanent, put a -1/-1 counter on enchanted permanent. Then if it would die this way, you draw a card and you lose 1 life.</text>
    </card>
    <card>
      <name>Most Wanted</name>
      <set rarity="mythic">OVX</set>
      <prop>
        <colors>B</colors>
        <manacost>1B</manacost>
        <cmc>2</cmc>
        <type>Legendary Enchantment</type>
        <maintype>Enchantment</maintype>
      </prop>
      <tablerow>1</tablerow>
      <text>1B, Sacrifice Most Wanted: Search your library for a card and put it into your hand, then shuffle. You lose 2 life.</text>
    </card>
    <card>
      <name>Final Frontier</name>
      <set rarity="uncommon">OVX</set>
      <prop>
        <colors>R</colors>
        <manacost>1R</manacost>
        <cmc>2</cmc>
        <type>Enchantment</type>
        <maintype>Enchantment</maintype>
      </prop>
      <tablerow>1</tablerow>
      <text>When Final Frontier enters, it deals 3 damage to any target.
3RR: You may discard a card. If you do, draw a card.</text>
    </card>
    <card>
      <name>Clouded Factory</name>
      <set rarity="rare">OVX</set>
      <prop>
        <colors>WU</colors>
        <manacost>WU</manacost>
        <cmc>2</cmc>
        <type>Artifact</type>
        <maintype>Artifact</maintype>
      </prop>
      <tablerow>1</tablerow>
      <text>As Clouded Factory enters, look at target players hand, then choose a card name. 
Whenever a player casts a spell with the chosen name, counter that spell and that player draws a card.</text>
    </card>
    <card>
      <name>Taken Out Back</name>
      <set rarity="uncommon">OVX</set>
      <prop>
        <colors>B</colors>
        <manacost>1B</manacost>
        <cmc>2</cmc>
        <type>Enchantment</type>
        <maintype>Enchantment</maintype>
      </prop>
      <tablerow>1</tablerow>
      <text>When Taken Out Back enters the battlefield, exile all card from all graveyards. Choose a card from among those exiled this way, you may cast that card for as long as you control Taken Out Back and you may spend mana of any color to cast that card.</text>
    </card>
    <card>
      <name>Island</name>
      <set rarity="">OVX</set>
      <prop>
        <colors></colors>
        <manacost></manacost>
        <cmc>0</cmc>
        <type>Basic Land - Island </type>
        <maintype>Land</maintype>
      </prop>
      <tablerow>0</tablerow>
      <text></text>
    </card>
    <card>
      <name>Mountain</name>
      <set rarity="">OVX</set>
      <prop>
        <colors></colors>
        <manacost></manacost>
        <cmc>0</cmc>
        <type>Basic Land - Mountain </type>
        <maintype>Land</maintype>
      </prop>
      <tablerow>0</tablerow>
      <text></text>
    </card>
    <card>
      <name>Forest</name>
      <set rarity="">OVX</set>
      <prop>
        <colors></colors>
        <manacost></manacost>
        <cmc>0</cmc>
        <type>Basic Land - Forest </type>
        <maintype>Land</maintype>
      </prop>
      <tablerow>0</tablerow>
      <text></text>
    </card>
    <card>
      <name>Swamp</name>
      <set rarity="">OVX</set>
      <prop>
        <colors></colors>
        <manacost></manacost>
        <cmc>0</cmc>
        <type>Basic Land - Swamp </type>
        <maintype>Land</maintype>
      </prop>
      <tablerow>0</tablerow>
      <text></text>
    </card>
    <card>
      <name>Plains</name>
      <set rarity="">OVX</set>
      <prop>
        <colors></colors>
        <manacost></manacost>
        <cmc>0</cmc>
        <type>Basic Land - Plains </type>
        <maintype>Land</maintype>
      </prop>
      <tablerow>0</tablerow>
      <text></text>
    </card>
    <card>
      <name>Trash Treasurer</name>
      <set rarity="rare">OVX</set>
      <prop>
        <colors>G</colors>
        <manacost>G</manacost>
        <cmc>1</cmc>
        <type>Creature - Human Pilot </type>
        <maintype>Creature</maintype>
        <pt>1/1</pt>
      </prop>
      <tablerow>2</tablerow>
      <text>Vigilance
Whenever this creature enters or attacks, mill a card.
{T}, Exile a card from your graveyard: Add one mana of any color.</text>
    </card>
    <card>
      <name>Repair Crew</name>
      <set rarity="uncommon">OVX</set>
      <prop>
        <colors>R</colors>
        <manacost>1R</manacost>
        <cmc>2</cmc>
        <type>Artifact Creature - Cyborg Artificer </type>
        <maintype>Creature</maintype>
        <pt>2/2</pt>
      </prop>
      <tablerow>2</tablerow>
      <text>{T}, Sacrifice another permanent: Create a treasure token.
2RR, {T}, Sacrifice two other permanents: Create a 4/4 red artifact Vehicle token with haste and engineer 4. (At the beginning of each combat, if you’ve spent at least four mana this turn, you may have this become an artifact creature until end of turn.)</text>
    </card>
    <card>
      <name>Hard Drive Collector</name>
      <set rarity="rare">OVX</set>
      <prop>
        <colors>B</colors>
        <manacost>1B</manacost>
        <cmc>2</cmc>
        <type>Creature - Human Mercenary </type>
        <maintype>Creature</maintype>
        <pt>2/2</pt>
      </prop>
      <tablerow>2</tablerow>
      <text>When this creature enters, mill four cards.
Whenever one or more cards leave your graveyard, draw a card and you lose 1 life. This ability triggers only once each turn.</text>
    </card>
    <card>
      <name>Xerx&apos;s Rivalry</name>
      <set rarity="rare">OVX</set>
      <prop>
        <colors>G</colors>
        <manacost>2G</manacost>
        <cmc>3</cmc>
        <type>Enchantment</type>
        <maintype>Enchantment</maintype>
      </prop>
      <tablerow>1</tablerow>
      <text>As Brand Rivalry enters, choose XVX or Osiris.
• XVX — When Xerx’s Rivalry enters or at the beginning of your upkeep, mill two cards. You may return a permanent card milled this way from your graveyard to your hand.
• Osiris — At the beginning of combat on your turn, up to one target permanent becomes a 4/4 Vehicle artifact creature in addition to its other types until the beginning of you next turn.</text>
    </card>
    <card>
      <name>Orissa&apos;s Talent</name>
      <set rarity="rare">OVX</set>
      <prop>
        <colors>UR</colors>
        <manacost>UR</manacost>
        <cmc>2</cmc>
        <type>Instant</type>
        <maintype>Instant</maintype>
      </prop>
      <tablerow>3</tablerow>
      <text>Search your library for a Vehicle card, reveal that card, put it into your hand, then shuffle.</text>
    </card>
    <card>
      <name>Successful Experiment</name>
      <set rarity="rare">OVX</set>
      <prop>
        <colors>BRG</colors>
        <manacost>BRG</manacost>
        <cmc>3</cmc>
        <type>Artifact Creature - Cyborg Pilot </type>
        <maintype>Creature</maintype>
        <pt>3/3</pt>
      </prop>
      <tablerow>2</tablerow>
      <text>This spell can’t be countered.
Flying, haste
Whenever this creature deals combat damage to an opponent, the next spell you cast this turn can’t be countered.</text>
    </card>
    <card>
      <name>Trial Peaks Circuit</name>
      <set rarity="mythic">OVX</set>
      <prop>
        <colors></colors>
        <manacost></manacost>
        <cmc>0</cmc>
        <type>Legendary Land - Circuit </type>
        <maintype>Land</maintype>
      </prop>
      <tablerow>0</tablerow>
      <text>{T}: Add {C}.
{T}: Add one mana of any color. Spend this mana only to cast legendary spells. That spell can’t be countered.
{2}, {T}, Sacrifice Trial Peaks Circuit: Return target legendary card from your hand to the top of your library.</text>
    </card>
    <card>
      <name>Scrap Crawler</name>
      <set rarity="rare">OVX</set>
      <prop>
        <colors>RG</colors>
        <manacost>1RG</manacost>
        <cmc>3</cmc>
        <type>Artifact - Vehicle </type>
        <maintype>Artifact</maintype>
      </prop>
      <tablerow>1</tablerow>
      <text>When Scrap Crawler enters, return target permanent card not named Scrap Crawler with mana value 3 or less from your graveyard to your hand.
Engineer 3 (At the beginning of each combat, if you’ve spent at least three mana this turn, you may have this become an artifact creature until end of turn.)</text>
    </card>
    <card>
      <name>Roadster Rager MV</name>
      <set rarity="uncommon">OVX</set>
      <prop>
        <colors></colors>
        <manacost>2</manacost>
        <cmc>2</cmc>
        <type>Artifact - Vehicle </type>
        <maintype>Artifact</maintype>
      </prop>
      <tablerow>1</tablerow>
      <text>Roadster Rager MV can’t block.
Engineer 7 (At the beginning of each combat, if you’ve spent at least seven mana this turn, you may have this become an artifact creature until end of turn.)</text>
    </card>
    <card>
      <name>Lifecycling Project</name>
      <set rarity="common">OVX</set>
      <prop>
        <colors>G</colors>
        <manacost>1G</manacost>
        <cmc>2</cmc>
        <type>Enchantment</type>
        <maintype>Enchantment</maintype>
      </prop>
      <tablerow>1</tablerow>
      <text>When Lifecycling Project enters, destroy target artifact or enchantment.
3GG, Sacrifice Lifecycling Project: Search your library for a basic land card or Circuit card and put it onto the battlefield, then shuffle.</text>
    </card>
    <card>
      <name>Scrapper&apos;s Awakening</name>
      <set rarity="mythic">OVX</set>
      <prop>
        <colors>RG</colors>
        <manacost>3RG</manacost>
        <cmc>5</cmc>
        <type>Enchantment</type>
        <maintype>Enchantment</maintype>
      </prop>
      <tablerow>1</tablerow>
      <text>When Scrapper’s Awakening enters, creatures you control get +3/+3 and gain trample until end of turn.
Whenever a creature you control deals combat damage to an opponent, look at the top card of your library. If it’s a land card, put it onto the battlefield, otherwise exile it. You may cast that card until your next turn.</text>
    </card>
    <card>
      <name>Resourceful Waterguardian</name>
      <set rarity="rare">OVX</set>
      <prop>
        <colors>U</colors>
        <manacost>2U</manacost>
        <cmc>3</cmc>
        <type>Artifact Creature - Merfolk Cyborg </type>
        <maintype>Creature</maintype>
        <pt>3/2</pt>
      </prop>
      <tablerow>2</tablerow>
      <text>Flash
Whenever one or more creatures you control deal combat damage to an opponent, you may return a creature you control to its owner’s hand. If you do, untap up to two target artifacts or lands.</text>
    </card>
    <card>
      <name>The Secret Santa</name>
      <set rarity="">OVX</set>
      <prop>
        <colors>WRG</colors>
        <manacost>RGW</manacost>
        <cmc>3</cmc>
        <type>Legendary Creature - Grinch </type>
        <maintype>Creature</maintype>
        <pt>3/3</pt>
      </prop>
      <tablerow>2</tablerow>
      <text>Whenever a player is promised a gift, each player is promised a gift instead.
{T}: Each player exiles the top card of their library face down. For the rest of the game players may spend {2} mana to put a card they exiled this way into their hand.</text>
    </card>

    <!-->Tokens</-->

    <card>
      <name>Pilot</name>
      <set>OVX</set>
      <prop>
        <colors>R</colors>
        <type>Creature - Pilot  </type>
        <maintype>Creature</maintype>
        <pt>1/1</pt>
      </prop>
      <tablerow>2</tablerow>
      <text>{T}: Add {R}.</text>
      <token>1</token>
    </card>
    <card>
      <name>white Human 11OVX</name>
      <set>OVX</set>
      <prop>
        <colors>W</colors>
        <type>Creature - Human </type>
        <maintype>Creature</maintype>
        <pt>1/1</pt>
      </prop>
      <tablerow>2</tablerow>
      <text></text>
      <token>1</token>
      <reverse-related count="2">Kiss Goodbye </reverse-related>
    </card>
    <card>
      <name>Treasure OVX</name>
      <set>OVX</set>
      <prop>
        <colors></colors>
        <type>Token Artifact - Treasure </type>
        <maintype>Artifact</maintype>
      </prop>
      <tablerow>1</tablerow>
      <text>{T}, Sacrifice this token: Add one mana of any color.</text>
      <token>1</token>
      <reverse-related>Kiss Goodbye</reverse-related>
      <reverse-related count="2">Out from Nowwhere </reverse-related>
      <reverse-related count="2">Machine Rights Activist </reverse-related>
      <reverse-related>Aggresive Codriver</reverse-related>
      <reverse-related>Repair Droid</reverse-related>
    </card>
    <card>
      <name>Osiris MV</name>
      <set>OVX</set>
      <prop>
        <colors></colors>
        <type>Token Artifact - Vehicle </type>
        <maintype>Artifact</maintype>
      </prop>
      <tablerow>1</tablerow>
      <text>Engineer 2 (At the beginning of each combat, if you’ve spent at least two mana this turn, you may have this become an artifact creature until end of turn.)</text>
      <token>1</token>
    </card>
    <card>
      <name>XVX MV</name>
      <set>OVX</set>
      <prop>
        <colors>R</colors>
        <type>Token Artifact - Vehicle </type>
        <maintype>Artifact</maintype>
      </prop>
      <tablerow>1</tablerow>
      <text>Haste
Engineer 4</text>
      <token>1</token>
    </card>

  </cards>
</cockatrice_carddatabase>